id,nome,email,idade,cidade
1,David Grant,georgeblack@example.org,33,Byrdland
2,David Duran,jarias@example.net,29,Christopherview
3,Ann Norris,kellichoi@example.org,70,New Rebecca
4,Madison Powers,tonya92@example.com,51,Jacobsside
5,Brian Simmons,edwardsjose@example.com,65,Millerside
6,Matthew Wilson,hbrady@example.net,41,South Vincent
7,Elizabeth Bennett,rileygregory@example.org,39,Lake Kevin
8,Brandon Gonzalez,hernandezpatrick@example.net,40,Hamiltonland
9,Mark Rodgers,cole16@example.com,70,Danielmouth
10,Ashley Cervantes,kimberlyperez@example.com,65,Port Gina
11,Kyle Bennett,georgeking@example.org,65,North Benjamintown
12,Mary Crosby,vincentdavid@example.com,52,Daughertytown
13,Suzanne Allison,thomas15@example.net,38,North Robinstad
14,Cheryl Moreno,daniellescott@example.org,36,Edwardberg
15,Steven Hernandez,woodardcindy@example.org,49,Jameston
16,Cheyenne Price,vbradley@example.org,50,Gutierrezchester
17,Grant Douglas,raymond43@example.org,68,Brownville
18,Alicia Garcia,carterdavid@example.org,30,Kaiserside
19,Denise Smith,amy40@example.com,45,Torresbury
20,James Wood,kevin76@example.org,22,Carolineborough
21,Carlos Singh,franknguyen@example.com,19,Port Josephport
22,Connie Walter,jthompson@example.net,34,North Jenniferfort
23,David Flores,kboyd@example.net,18,New Andrewfurt
24,Bryan Burke,stewartrobert@example.net,24,Lake Christopher
25,Joan Clark,zacharyvaughn@example.com,45,Sarahstad
26,Jose Perry,ycortez@example.net,38,South Amanda
27,William King,tlopez@example.org,39,Harperland
28,Sean Lopez,smckinney@example.org,63,Bellmouth
29,Rebecca Owens,jonathanchan@example.net,46,Riveramouth
30,Gabrielle Nelson,rebeccasalazar@example.com,56,Tannerfort
31,Peter Harris,tstuart@example.com,31,West Jenniferfort
32,Michael Klein,penamichelle@example.com,61,Christinashire
33,Sharon Cooper,martinsherry@example.net,32,Paulfurt
34,Dawn Miller,alvinmoore@example.org,36,Douglasstad
35,Thomas Thompson,riverakevin@example.net,60,Bondhaven
36,Jared Leblanc DDS,tony69@example.net,30,Coryside
37,James Shaw,anthonyriley@example.com,41,Robertsstad
38,Heather Miles,iprice@example.com,50,Andrewshire
39,Lori Jones,kellyalan@example.org,50,North Terristad
40,Gregory Rivera,zkeith@example.net,63,Susanmouth
41,Ronald Pennington,marissabradley@example.com,36,East Marvin
42,Christina Munoz,daniellepeterson@example.org,28,Lake Charlesborough
43,Mr. Barry Stafford,pacecharles@example.org,55,Toddchester
44,Stephanie Meyer,contrerasrobert@example.net,18,Arthurburgh
45,Dr. Rachel Bennett,wilsonallison@example.com,40,Christinaburgh
46,Nathan Clark,jill62@example.net,22,New Barbara
47,Eric Miranda,williamselizabeth@example.com,50,South Judy
48,Jordan Maxwell,austin63@example.net,31,Port Barry
49,Jacqueline Sawyer,amandafreeman@example.org,64,Deborahland
50,Jonathan Evans,donnawilson@example.net,32,Keithberg
51,Richard Fisher,jgill@example.com,43,Port Heidi
52,Jose Cole,psmith@example.org,19,Port Samantha
53,Dawn Shea,alfredgordon@example.net,22,East Pamelamouth
54,Kristen Hill,torresandrew@example.net,59,North Jennifertown
55,Hannah Shelton,william13@example.net,56,New Deborah
56,Tracy Underwood,haydensean@example.org,64,New Robert
57,Jill Underwood,kelliwilson@example.com,49,Karenburgh
58,Kathleen Russo,elizabethchristian@example.org,35,Paulabury
59,Nathan Clark,steven77@example.com,52,Aguilarmouth
60,Sharon Gonzalez,reyessteven@example.net,49,East Kevinmouth
61,Deborah Alvarez,ghansen@example.net,18,East Samuelport
62,Michael Burns,paul21@example.net,26,North Taylorport
63,Kyle Pham,james73@example.net,52,Ianside
64,Thomas Kelly,david08@example.net,36,Shawnview
65,David Lamb,vlynn@example.net,42,East Patrickbury
66,Tiffany Leblanc,csmith@example.net,47,Stevenport
67,Jessica Hawkins,kyle59@example.org,62,West Rachelmouth
68,Mr. Mark Wilson MD,rasmussenscott@example.com,24,East William
69,Micheal Lopez,hhill@example.org,27,Michaelview
70,Heather Gonzales,john51@example.net,24,East Deanna
71,Christopher Garcia,amberkane@example.com,37,South James
72,Matthew Simmons,cynthiaburgess@example.org,23,East Deborah
73,Rachel Peterson,mariehaynes@example.com,39,Bridgesside
74,Angela Todd,patriciareilly@example.org,37,New Pamela
75,Mary Arias,joshuatucker@example.org,24,New Kevin
76,Randy Wilson,renee95@example.com,35,New Kimberlyview
77,Mark Gill,patricksuzanne@example.net,30,Lake Patricia
78,Nicole Ortiz,elizabeth60@example.org,29,Alvarezhaven
79,Dylan Key,jeremy92@example.org,48,Lake Deniseville
80,Johnny Estrada,phelpsjames@example.com,53,East Kaitlin
81,Alexander Robinson,jmcdowell@example.org,46,Jonathanville
82,Steven Smith,tanya02@example.org,34,Lake Katiebury
83,Laurie Hull,lcole@example.com,19,North Mary
84,Dana Mathews,browngabriel@example.net,43,North Mary
85,Dustin Edwards,wsloan@example.org,44,Lake Jonathonport
86,Felicia Burns,angelica85@example.net,20,Brittanyshire
87,Jessica Palmer,cheryl12@example.net,49,Dyerberg
88,Stacey Morgan,michaelgonzalez@example.com,57,Campbelltown
89,Joe Martinez,wlee@example.com,68,New Tinachester
90,Amanda Wilson,smithbrenda@example.org,56,Port Tracyhaven
91,Melissa Smith,denise49@example.net,49,Brittanyton
92,Jody Doyle,davisaudrey@example.net,70,East Annchester
93,Barbara Williams,dianaclements@example.com,52,West Markview
94,Richard Adams,james63@example.com,36,North Elizabethfurt
95,Denise Pena,pthompson@example.org,32,South Jose
96,Maria Garner,sparksangela@example.com,22,Matthewberg
97,Ashley Harrison,corey90@example.net,62,Danielsmouth
98,Rachel Gill,daniel35@example.net,54,Ortegaberg
99,Robin Pearson,hperkins@example.net,47,Adamburgh
100,Tammy Cruz,uharris@example.org,24,New Barbara
